{"cameraMode":{"drawMode":0,"name":"Shaded","section":"Shading Mode"},"sceneLighting":true,"audioPlay":false,"sceneViewState":{"showFog":true,"showMaterialUpdate":false,"showSkybox":true,"showFlares":true,"showImageEffects":true,"showParticleSystems":true},"in2DMode":false,"pivot":{"x":52.65457534790039,"y":8.351162910461426,"z":124.78517150878906},"rotation":{"x":0.12620264291763307,"y":-0.03303030505776405,"z":0.00420894380658865,"w":0.9914650321006775},"size":75.94730377197266,"orthographic":false}