{"cameraMode":{"drawMode":0,"name":"Shaded","section":"Shading Mode"},"sceneLighting":false,"audioPlay":false,"sceneViewState":{"showFog":true,"showMaterialUpdate":false,"showSkybox":true,"showFlares":true,"showImageEffects":true,"showParticleSystems":true},"in2DMode":false,"pivot":{"x":0.6481418609619141,"y":-0.0727468729019165,"z":-0.25911521911621096},"rotation":{"x":-0.07190686464309693,"y":-0.6960855722427368,"z":0.07041061669588089,"w":-0.7108739614486694},"size":2.7447636127471926,"orthographic":false}